ident,type,name,latitude_deg,longitude_deg,elevation_ft,municipality,iata_code
EPAR,small_airport,Arłamów Airfield,49.657501,22.514298,1455,Wola Korzeniecka,
EPBA,small_airport,Bielsko-Biała Aleksandrowice Airfield,49.805,19.0019,1319,Bielsko-Biała,
EPBB,small_airport,Babięta,53.667905,21.255426,512,Babięta,
EPBC,small_airport,Warsaw Babice Airport,52.269199,20.907203,352,Warsaw,
EPBK,small_airport,Białystok-Krywlany Airfield,53.101398,23.170601,502,Białystok,
EPBY,medium_airport,Ignacy Jan Paderewski Bydgoszcz Airport,53.096802,17.977699,235,Bydgoszcz,BZG
EPCD,small_airport,Depułtycze Królewskie Airfield,51.082067,23.437014,712,Królewskie,
EPCE,medium_airport,Cewice Naval Air Base,54.416525,17.765734,495,Siemirowice,
EPDA,small_airport,Darłówo Naval Air Base,54.404701,16.3531,10,Darłowo,
EPDE,medium_airport,Deblin Military Air Base,51.551021,21.892322,392,Dęblin,
EPDK,small_airport,Debowa Klada Airfield,51.6126,23.0072,,,
EPDS,small_airport,Witków Airfield,50.79686,16.11448,,Witków,
EPEL,small_airport,Elbląg Airfield,54.1408,19.4233,10,Elbląg,
EPGD,large_airport,Gdańsk Lech Wałęsa Airport,54.377602,18.4662,489,Gdańsk,GDN
EPGE,small_airport,Giże Airfield,53.982436,22.403149,,Giże,
EPGI,small_airport,Grudziądz Lisie Kąty Airfield,53.524399,18.849199,121,Grudziądz,
EPGL,small_airport,Gliwice-Trynek Airfield,50.268743,18.672466,830,Gliwice,
EPGM,small_airport,Giżycko-Mazury Residence,54.00645,21.81824,410,Giżycko,
EPGR,small_airport,Łańsk / Gryźliny Airfield,53.608072,20.349692,538,Gryźliny,
EPGS,small_airport,Grójec-Słomczyn Airfield,51.87549,20.93774,,Grójec,
EPGY,small_airport,Grądy Airfield,52.836977,21.777644,407,Grądy,
EPHN,small_airport,Narew,52.908777,23.541338,,Narew,
EPIN,small_airport,Inowrocław Airfield,52.806155,18.283133,279,Inowrocław,
EPIR,medium_airport,Inowroclaw Military Air Base,52.829399,18.330601,259,,
EPJA,small_airport,Jastarnia Airfield,54.710281,18.645281,3,Jastarnia,
EPJG,small_airport,Jelenia Góra Airfield,50.898899,15.7856,1119,Jelenia Góra,
EPJL,small_airport,Laszki Field,50.008497,22.918897,607,Laszki,
EPJS,small_airport,Jeżów Sudecki Airfield,50.944028,15.766528,1834,Jeżów Sudecki,
EPKA,small_airport,Kielce-Masłów Airfield,50.896702,20.731701,1010,Kielce,
EPKB,small_airport,Kazimierz Biskupi Airfield,52.319549,18.164322,361,Kazimierz Biskupi,
EPKD,small_airport,Końskie-Komaszyce,51.25532,20.47132,,,
EPKE,small_airport,Kȩtrzyn-Wilamowo Airfield,54.047144,21.426121,417,Kȩtrzyn,
EPKI,small_airport,Kikity,53.9829,20.877218,590,,
EPKK,large_airport,Kraków John Paul II International Airport,50.077702,19.7848,791,Balice,KRK
EPKL,small_airport,Krasocin Field,50.899319,20.12804,820,Krasocin,
EPKM,small_airport,Katowice-Muchowiec Airfield,50.238184,19.033685,909,Katowice,
EPKN,small_airport,Opole-Kamień Śląski Airfield,50.530598,18.079283,683,Kamień Śląski,
EPKP,small_airport,Pobiednik Wielki Airfield,50.08644,20.200253,650,Kraków,
EPKR,small_airport,Krosno Airfield,49.683807,21.740953,922,Krosno,
EPKS,medium_airport,Krzesiny Military Air Base,52.331699,16.9664,265,Poznań,
EPKT,large_airport,Katowice Wojciech Korfanty International Airport,50.476015,19.080705,995,Katowice,KTW
EPKW,small_airport,Bielsko-Biała Kaniów Airfield,49.94159,19.019566,839,Kaniów,
EPLB,large_airport,Lublin Airport,51.240157,22.713461,633,Lublin,LUZ
EPLK,medium_airport,Łask Air Base,51.551701,19.1791,633,Łask,
EPLL,large_airport,Łódź Władysław Reymont Airport,51.721901,19.3981,604,Łódź,LCJ
EPLR,small_airport,Lublin Radwiec Airfield,51.221901,22.394699,791,,
EPLS,small_airport,Leszno-Strzyzewice Airfield,51.834999,16.5219,310,Leszno,
EPLU,small_airport,Lubin Airfield,51.423,16.196199,512,,
EPLY,medium_airport,Leźnica Wielka Air Base,52.004945,19.143792,404,Leźnica Wielka,
EPMB,medium_airport,Malbork Królewo Air Base,54.026598,19.135718,16,Królewo,
EPMI,medium_airport,Miroslawiec Military Air Base,53.3951,16.0828,459,Mirosławiec,
EPML,small_airport,Mielec Airfield,50.3223,21.462099,548,Mielec,
EPMM,medium_airport,Minsk Mazowiecki Military Air Base,52.1954994202,21.6558990479,604,,
EPMO,large_airport,Warsaw Modlin Airport,52.451099,20.6518,341,Nowy Dwór Mazowiecki,WMI
EPMR,small_airport,Mirosławice Private Airfield,50.957802,16.7703,495,Mirosławice,
EPMX,small_airport,Milewo Airfield,52.665208,20.428419,325,Milewo,
EPMY,small_airport,Myślibórz-Giżyn Airfield,52.941164,15.029812,230,Nowogródek Pomorski,
EPNA,small_airport,Nadarzyce Air Base,53.454885,16.48946,,Nadarzyce,
EPNL,small_airport,Nowy Sącz-Łososina Dolna Airfield,49.745324,20.623472,830,Łososina Dolna,
EPNM,small_airport,Nowe Miasto nad Pilicą Airfield,51.628335,20.541228,512,Nowe Miasto nad Pilicą,
EPNT,small_airport,Nowy Targ Airfield,49.462797,20.050304,2060,Nowy Targ,
EPOD,small_airport,Olsztyn-Dajtki Airfield,53.773889,20.413468,440,Olsztyn,
EPOK,small_airport,Oksywie Air Base / Gdynia-Kosakowo Airfield,54.5797,18.5172,144,Kosakowo,
EPOM,small_airport,Ostrów Wielkopolski Michałków Airfield,51.700767,17.84663,476,Ostrów Wielkopolski,
EPOP,small_airport,Opole-Polska Nowa Wieś Airfield,50.633301,17.7817,620,Polska Nowa Wieś,
EPPC,small_airport,Pińczów Airfield,50.517439,20.516758,610,Pińczów,
EPPI,small_airport,Piła Airfield,53.170095,16.711092,259,Piła,
EPPK,small_airport,Poznań-Kobylnica Airfield,52.434582,17.044036,279,Poznań,
EPPL,small_airport,Płock Airfield,52.562225,19.720322,331,Płock,
EPPO,large_airport,Poznań-Ławica Airport,52.421598,16.823359,308,Poznań,POZ
EPPR,small_airport,Pruszcz Gdański Air Base,54.248001,18.6716,17,Pruszcz Gdański,
EPPT,small_airport,Piotrków Trybunalski-Bujny Airfield,51.383099,19.688299,673,Piotrków Trybunalski,
EPPW,medium_airport,Powidz Military Air Base,52.380087,17.853155,371,Powidz,
EPRA,medium_airport,Warsaw Radom Airport,51.38937,21.214742,610,Radom,RDO
EPRD,small_airport,Mazury Air Camp Airfield,54.134375,21.598754,398,Radzieje,
EPRG,small_airport,Rybnik-Gotartowice Glider Field,50.070801,18.6283,840,Rybnik,
EPRJ,small_airport,Rzeszów Sports Airfield,50.104169,22.047029,655,Nowa Wieś,
EPRP,small_airport,Radom-Piastrów Airfield,51.478901,21.110001,479,Piastów,
EPRS,small_airport,Sochaczew-Rybno,52.242789,20.126579,280,Rybno,
EPRU,small_airport,Częstochowa-Rudniki Airport,50.884716,19.201842,860,Rudniki,
EPRZ,large_airport,Rzeszów-Jasionka Airport,50.109791,22.024155,693,Jasionka,RZE
EPSC,large_airport,Solidarity Szczecin–Goleniów Airport,53.584702,14.9022,154,Szczecin(Glewice),SZZ
EPSD,small_airport,Szczecin-Dąbie Airfield,53.390659,14.632774,3,Szczecin,
EPSJ,small_airport,Sobienie Field,51.951142,21.35253,,,
EPSK,small_airport,Słupsk-Krȩpa Airfield,54.410036,17.090572,249,Krępa Słupska,
EPSN,medium_airport,Swidwin Military Air Base,53.7906,15.8263,394,,
EPSS,small_airport,Świdnica - Krzczonów Airstrip,50.8171823,16.5818641,833,,
EPST,small_airport,Stalowa Wola-Turbia Airfield,50.62638,21.998963,492,Zaleszany,
EPSU,small_airport,Suwałki Airfield,54.0728,22.8992,581,Suwałki,
EPSW,small_airport,Świdnik Airfield,51.231899,22.6903,659,Lublin,
EPSY,medium_airport,Olsztyn-Mazury Airport,53.481899,20.9377,463,Szymany,SZY
EPTM,medium_airport,Tomaszów Mazowiecki Military Air Base,51.5844,20.097799,571,Nowy Glinnik,
EPTO,small_airport,Toruń Airfield,53.029202,18.5459,164,Toruń,
EPVA,small_airport,Roszczep Airstrip,52.4359,21.33,325,,
EPWA,large_airport,Warsaw Chopin Airport,52.165699,20.9671,362,Warsaw,WAW
EPWK,small_airport,Włocławek-Kruszyn Airfield,52.584702,19.0156,220,Włocławek,
EPWR,large_airport,Copernicus Wrocław Airport,51.103719,16.882096,404,Wrocław,WRO
EPWS,small_airport,Wrocław-Szymanów Airfield,51.2061,16.9986,390,Lubięcin,
EPZA,small_airport,Zamość-Mokre Airfield,50.701698,23.204399,751,Zamość,
EPZB,small_airport,Zborowo Airfield,52.362056,16.638722,268,Zborowo,
EPZG,medium_airport,Zielona Góra-Babimost Airport,52.1385,15.7986,194,Nowe Kramsko,IEG
EPZI,small_airport,Zieleń Airfield,53.1885,18.9617,315,Zieleń,
EPZK,small_airport,Konopnica Airfield,51.360179,18.822057,,Konopnica,
EPZL,small_airport,Zdziar-Lopatki Airfield,52.63547,20.07036,440,Zdziar Wielki,
EPZP,small_airport,Zielona Góra-Przylep Airfield,51.978901,15.4639,249,Zielona Góra,
EPZR,small_airport,Żar Airfield,49.771099,19.2181,1260,Międzybrodzie  Żywieckie,
