icao,name,telephony,country
LOT,LOT POLISH AIRLINES,POLLOT,POLAND
ENT,ENTER AIR,ENTERAIR,POLAND
SRN,SPRINTAIR,SPRINTAIR,POLAND
RYR,RYANAIR,RYANAIR,IRELAND
WZZ,WIZZ AIR HUNGARY,WIZZ AIR,HUNGARY
DLH,LUFTHANSA,LUFTHANSA,GERMANY
BAW,BRITISH AIRWAYS,SPEEDBIRD,UNITED KINGDOM
KLM,KLM ROYAL DUTCH AIRLINES,KLM,NETHERLANDS
AFR,AIR FRANCE,AIRFRANS,FRANCE
SAS,SCANDINAVIAN AIRLINES,SCANDINAVIAN,SWEDEN
EZY,EASYJET,EASY,UNITED KINGDOM
THY,TURKISH AIRLINES,TURKISH,TURKEY
UAE,EMIRATES,EMIRATES,UNITED ARAB EMIRATES
QTR,QATAR AIRWAYS,QATARI,QATAR
FIN,FINNAIR,FINNAIR,FINLAND
AUA,AUSTRIAN AIRLINES,AUSTRIAN,AUSTRIA
SWR,SWISS INTERNATIONAL AIR LINES,SWISS,SWITZERLAND
