airport_ident,type,description,frequency_mhz
EPBA,Radio,Bielsko Radio,122.2
EPBC,AFIS,INFO,119.175
EPBC,CTAF 10L/28R,Babice Radio,126.555
EPBY,INFO,INFO,128.5
EPBY,TWR,BYDGOSZCZ TWR,131
EPCE,INFO,INFO,128.5
EPDE,AFIS,INFO,128.5
EPEL,Radio,ELBLĄG RADIO,122.305
EPGD,APP,GDANSK APP,127.275
EPGD,ATIS,ATIS,129.625
EPGD,TWR,GDANSK TWR,118.1
EPGI,Radio,Lisie Kąty Radio,119.885
EPGL,CTAF,Gliwice RADIO,118.26
EPIN,CTAF,Inowrocław Radio,120.81
EPKA,radio frequency,MASŁÓW RADIO,118.08
EPKI,CTAF,Kikity Radio,119.405
EPKK,APP,KRAKOW APP,121.075
EPKK,ATIS,ATIS,126.125
EPKK,DIR,KRAKOW DIRECTOR,123.8
EPKK,TWR,KRAKOW DELIVERY,118.1
EPKK,TWR,KRAKOW TWR,123.25
EPKM,AFIS,KATOWICE AERO,122.9
EPKM,INFO,KATOWICE INFO,120.08
EPKN,AFIS,RDO,120.3
EPKP,-,Pobiednik Radio,122.4
EPKR,Tower,Krosno Radio,119.555
EPKS,ATIS,,128.725
EPKS,TWR,Krzesiny Tower,121.025
EPKT,APP,APP,121.075
EPKT,GCCD,HANDLING,131.45
EPKT,TWR,TWR,129.25
EPLB,TWR,Lublin TWR,136.42
EPLK,AFIS,INFO,128.5
EPLK,ATIS,Łask ATIS,126.385
EPLK,Wieża,Łask wieża,133.075
EPLK,Zbliżanie,Łask zbliżanie,125.35
EPLL,ATIS,ŁÓDŹ ATIS,135.68
EPLL,CLD,ŁÓDŹ DELIVERY,120.005
EPLL,RDO,,122.9
EPLL,TWR,ŁÓDŹ TOWER,124.23
EPLU,FIS POZNAŃ INFO,POZNAŃ INFORMATION,127.25
EPLU,RADIO,LUBIN RADIO,119.535
EPMB,INFO,INFO,124.5
EPMI,AFIS,INFO,128.5
EPML,AFIS,TEST,119.1
EPML,INFO,INFO,123.35
EPMM,AFIS,INFO,128.5
EPMO,INFO,INFO,124.5
EPMR,Radio,Miroslawice Radio,122.6
EPMY,Radio,CALL SIGN GIZYN RADIO,118.825
EPOK,APP,Oksywie APP,134
EPOK,TWR,Oksywie TWR,119.85
EPOM,ATS,Michałków Radio,122.2
EPPK,INFO,Kobylnica Radio,122.9
EPPO,APP,POZNAN APPROACH (H24),123.04
EPPO,APP,POZNAŃ APPROACH (H24),128.925
EPPO,ATIS,POZNAN ATIS (H24),124.705
EPPO,CLD,POZNAŃ DELIVERY (0400-2000),121.805
EPPO,GND,POZNAŃ GROUND (0400-2000),124.14
EPPO,TWR,POZNAN TOWER (H24),119.98
EPPR,TWR,Aeroklub Gdański (Gdańsk Aeroklub),122.405
EPPR,TWR,49 Baza Lotnicza (49th Air Base),126.5
EPPT,Info,Piotrków-Radio,119.305
EPPW,INFO,INFO,128.5
EPRA,AFIS,INFO,128.5
EPRJ,TWR,Rzeszow Tower,126.805
EPRU,AFIS,AERO,122.8
EPRZ,ATIS,Rzeszow ATIS,124.955
EPRZ,DEL,Rzeszow Delivery,121.805
EPRZ,TWR,RZESZOW TWR,126.805
EPSC,TWR,SZCZECIN TWR,121.255
EPSD,AFIS,SZCZECIN RADIO,125.335
EPSD,FIS,GDANSK INFORMATION,125.275
EPSN,AFIS,INFO,128.5
EPSW,TWR,Lublin Tower,136.425
EPSY,TWR,MAZURY INFORMATION,118.025
EPTM,Wieża,Tomaszów wieża,125
EPTM,Zbliżanie,Tomaszów zbliżenie,130.25
EPTO,INFO,Torun Radio,120.66
EPWA,APP,Warszawa APPROACH (H24),125.055
EPWA,APP,Warszawa APPROACH  (H24 - commonly used),128.805
EPWA,APP,Warszawa APPROACH (H24),129.38
EPWA,APP,Warszawa APPROACH (H24),135.93
EPWA,ATIS,Warszawa ATIS ARRIVAL (H24),120.455
EPWA,ATIS,Warszawa ATIS DEPARTURE (H24),123.43
EPWA,CLD,Okęcie DELIVERY (H24),121.605
EPWA,GND,Okęcie GROUND (0330-2200),121.905
EPWA,INF,Warszawa INFORMATION,118.775
EPWA,INF,Warszawa INFORMATION,128.575
EPWA,TWR,Okęcie TOWER (H24),118.305
EPWA,VOLMET,Warszawa RADAR VOLMET (H24),127.6
EPWR,APP,POZNAŃ APPROACH (H24),123.04
EPWR,APP,POZNAŃ APPROACH (H24),128.925
EPWR,ATIS,WROCLAW ATIS (H24),124.33
EPWR,CLD,WROCŁAW DELIVERY (0530-2100),121.805
EPWR,TWR,WROCLAW TOWER (H24),120.255
EPZA,TWR,,122.8
EPZG,TWR,TWR,118.75
EPZP,AFIS,Przylep Radio,122.8
