ident,name,type,frequency_khz,latitude_deg,longitude_deg,elevation_ft,magnetic_variation_deg
AY,Warszawa,NDB,375,52.17539978027344,20.9325008392334,,4.177
BBM,Babimost,NDB,390,52.14039993286133,15.796199798583984,,2.526
CHO,Chociwel,NDB,375,53.47529983520508,15.333000183105469,,2.485
CZE,Czempin,VOR-DME,114500,52.13059997558594,16.727100372314453,295,3.084
CZE,Czempin,NDB,409,52.13639831542969,16.72879981994629,,3.085
DAR,Darlowo,VOR-DME,114200,54.41019821166992,16.388099670410156,98,3.116
DRE,Drezdenko,VOR-DME,115300,52.81679916381836,15.832500457763672,98,2.555
DRE,Drezdenko,NDB,440,52.836299896240234,15.841400146484375,,2.557
DW,Szczytno,NDB,288,53.43709945678711,20.91230010986328,,4.274
F,Pruszcz Gdanski,NDB,300,54.24509811401367,18.69930076599121,,3.54
FT,Pruszcz Gdanski,NDB,618,54.240501403808594,18.745899200439453,,3.549
GDA,Gdansk,NDB,322,54.34519958496094,18.596099853515625,,3.528
GRU,Grudziadz,VOR-DME,114600,53.52119827270508,18.781299591064453,295,3.51
H,Wroclaw,NDB,255,51.09519958496094,16.91029930114746,,3.072
HG,Wroclaw,NDB,525,51.08250045776367,16.95159912109375,,3.078
JAB,Jablonka,VOR-DME,116400,49.4828987121582,19.678600311279297,2264,3.406
JAB,Jablonka,NDB,387,49.476600646972656,19.694000244140625,,3.409
JED,Jedow,VOR-DME,115600,50.647300720214844,20.25119972229004,984,3.562
K,Oksywie,NDB,290,54.56399917602539,18.542999267578125,,3.532
KMI,Kmiecin,VOR,116800,54.20130157470703,19.145099639892578,,4.019
KN,Oksywie,NDB,494,54.54859924316406,18.566999435424805,,3.535
KRN,Karnice,VOR-DME,117800,51.94620132446289,20.444599151611328,591,4.082
KRT,Kartuzy,VOR-DME,113200,54.29970169067383,18.20800018310547,689,3.453
KRW,Krakow,NDB,353,50.09560012817383,19.912799835205078,,3.478
L,Krakow,NDB,379,50.08190155029297,19.814599990844727,,3.463
LAW,Poznan,VOR-DME,115800,52.422401428222656,16.8302001953125,308,3.113
LDZ,Lodz,VOR-DME,112400,51.80009841918945,19.656099319458008,787,3.547
LIN,Linin,VOR-DME,113100,51.932899475097656,21.15850067138672,394,4.194
LUB,Lubin,NDB,351,51.41510009765625,16.21109962463379,,2.571
MRA,Mragowo,VOR-DME,117300,53.7849006652832,21.13279914855957,492,4.341
N,Oksywie,NDB,290,54.59519958496094,18.491600036621094,,3.524
NK,Oksywie,NDB,494,54.61690139770508,18.4552001953125,,3.518
OKE,Okecie,VOR-DME,113400,52.1697998046875,20.960100173950195,394,4.181
OL,Szczecin,NDB,397,53.55500030517578,14.960200309753418,,2.418
OR,Rzeszow,NDB,440,50.11040115356445,21.986799240112305,,4.174
P,Lawica,NDB,353,52.41419982910156,16.86199951171875,,3.119
P,Pyrzowice,NDB,588,50.4734992980957,19.106599807739258,,3.382
PNO,Piaseczno,NDB,330,52.05350112915039,21.062700271606445,,4.188
POZ,Poznan,NDB,429,52.398101806640625,16.944599151611328,,3.132
PT,Katowice,NDB,285,50.474098205566406,19.150299072265625,,3.388
RUD,Skupowo,VOR-DME,115100,52.830501556396484,23.70709991455078,689,5.079
RZ,Rzeszow,NDB,474,50.108699798583984,22.134000778198242,,4.195
RZE,Rzeszow,VOR-DME,116200,50.109901428222656,22.098899841308594,689,4.19
S,Bydgoszcz,NDB,109,53.099700927734375,18.012500762939453,,3.35
S,Gdansk,NDB,383,54.367698669433594,18.50589942932129,,3.512
SA,Mielec,NDB,296,50.322200775146484,21.501100540161133,,4.122
SIE,Siedlce,VOR-DME,114700,52.155399322509766,22.2007999420166,591,4.376
SL,Bydgoszcz,NDB,534,53.10309982299805,18.0531005859375,,3.358
SUI,Subi,VOR-DME,116700,52.37990188598633,14.585599899291992,98,2.321
SUW,Suwalki,VOR-DME,117700,54.069698333740234,22.900299072265625,591,5.074
T,Lask,NDB,664,51.5452995300293,19.21179962158203,,3.461
TRB,Treblo,VOR,115400,54.210601806640625,17.073299407958984,,3.237
TRZ,Trzebnica,VOR-DME,113600,51.30820083618164,17.114299774169922,787,3.114
TZ,Lask,NDB,322,51.538299560546875,19.25040054321289,,3.466
W,Warszawa,NDB,361,52.1416015625,20.98819923400879,,4.183
WAG,Warszawa,NDB,336,52.210601806640625,20.80660057067871,,4.16
WAO,Warszawa,NDB,412,52.09769821166992,21.026599884033203,,4.186
WAR,Zaborowek,VOR-DME,114900,52.25910186767578,20.657100677490234,295,4.139
