airport_ident,length_ft,width_ft,surface,lighted,le_ident,le_latitude_deg,le_longitude_deg,le_elevation_ft,le_heading_degT,he_ident,he_latitude_deg,he_longitude_deg,he_elevation_ft,he_heading_degT
EPAR,3914,115,ASP,0,16,49.661800384521484,22.51140022277832,,167,34,49.65140151977539,22.515100479125977,,347
EPBA,1673,328,Grass,0,09,,,1317,93,27,,,1317,273
EPBB,1968,164,Grass,0,14,,,505,145,32,,,499,325
EPBC,3280,492,Grass,0,10L,,,342,98,28R,,,349,278
EPBC,4265,295,CON,1,10R,52.2705,20.8979,343,103,28L,52.267899,20.9165,352,283
EPBK,2887,,UNK,0,01,,,502,,19,,,502,
EPBK,3116,,UNK,0,08,,,502,,26,,,502,
EPBY,8202,196,CON,1,08,53.09519958496094,17.959199905395508,236,82,26,53.0984001159668,17.996200561523438,233,262
EPCD,3346,98,CON,0,18L,,,,,36R,,,,
EPCD,2625,164,GRS,0,18R,,,,,36L,,,,
EPCE,8214,170,ASP,0,07,54.41339874267578,17.744600296020508,489,76,25,54.418701171875,17.781999588012695,504,256
EPDE,8202,197,ASP,1,12,51.556866,21.876606,391,121,30,51.545429,21.907444,392,301
EPEL,2995,328,Grass,0,08,,,10,80,26,,,10,260
EPEL,2296,259,Grass,0,10,,,10,104,28,,,10,284
EPGD,9186,148,ASP,1,11,54.3811,18.452,450,113,29,54.3713,18.491699,489,293
EPGI,3477,656,grass,0,13,,,106,135,31,,,106,315
EPGL,2296,328,grass,0,08L,,,,87,26R,,,,267
EPGL,2952,75,Ashpalt,1,08R,,,859,87,26L,,,840,267
EPGL,2231,328,Grass,0,10,,,,103,28,,,,283
EPIN,2493,328,Grass,0,08,,,,,26,,,,
EPIN,2264,328,Grass,0,13,,,,,31,,,,
EPIN,1280,328,Grass,0,18,,,,,36,,,,
EPIR,1312,98,GRE,1,05,,,,,23,,,,
EPKA,2952,656,grassy,0,11L,,,1010,,29R,,,1010,
EPKA,3789,98,asphalt concrete,1,11R,,,1010,,29L,,,1010,
EPKB,2034,88,Concrete,0,09,,,,,27,,,,
EPKI,2625,115,Grass,0,11,,,,,29,,,,
EPKK,8366,196,CON,1,07,50.075401306152344,19.76810073852539,792,78,25,50.0802001953125,19.802900314331055,779,258
EPKM,3640,98,CON,0,05L,50.234901428222656,19.028200149536133,903,49,23R,50.24140167236328,19.04010009765625,894,229
EPKN,3937,197,CON,0,11,50.533199310302734,18.06999969482422,658,112,29,50.52519989013672,18.099899291992188,675,292
EPKP,3281,328,grass,0,09R,,,651,,27L,,,651,
EPKR,3395,328,GRASS,0,11L,,,919,,29R,,,919,
EPKR,3608,98,ASP,1,11R,,,919,,29L,,,919,
EPKR,2395,328,Grass,0,16,,,922,16,34,,,922,34
EPKS,8202,196,CON,1,12,52.33700180053711,16.950199127197266,272,117.9,30,52.326499938964844,16.98270034790039,274,297.9
EPKT,10499,148,CON,1,08,50.476101,19.059601,970,90,26,50.476002,19.104601,994,270
EPKW,3264,98,ASP,1,13,,,822,,31,,,835,
EPLB,8268,148,ASPHALT,1,07,51.23759841918945,22.69580078125,632,72,25,51.242698669433594,22.73110008239746,626,252
EPLK,9843,197,CON,1,10,51.555019,19.161867,617,108,28,51.546963,19.203138,633,288
EPLL,8202,148,ASPH-CONC,1,07,51.716222,19.372194,592,71,25,51.723669,19.406319,607,251
EPLS,2296,164,grass paved with a plastic grille,1,05L,,,300,53,23R,,,308,233
EPLS,4331,164,Grass,0,05R,,,300,53,23L,,,305,233
EPLS,3084,164,grass,0,18,,,308,178,36,,,308,358
EPLU,2952,328,grass,0,11,,,,114,29,,,,294
EPLU,3281,98,ASP,1,13L,51.425899505615234,16.19070053100586,512,130,31R,51.420101165771484,16.20159912109375,512,310
EPLU,2788,328,grass,0,31L,,,,307,13R,,,,127
EPLY,8202,197,ASP,1,10,52.00766,19.126261,390,,28,52.002327,19.161631,390,
EPMB,8202,164,CON,1,07,54.024433,19.116899,16,79,25,54.028679,19.15435,16,259
EPMI,8202,148,CON,1,12,53.401413,16.067398,492,125,30,53.388657,16.098127,492,305
EPML,1804,197,GRASS,0,08L,50.32222366333008,21.462223052978516,548,,26R,50.32222366333008,21.462223052978516,548,
EPML,8176,148,CON,1,08R,50.3223,21.444099,543,90,26L,50.322201,21.479099,544,270
EPML,2156,82,CON,0,17,50.326698303222656,21.453100204467773,540,180,35,50.32080078125,21.452999114990234,545,360
EPMM,8245,140,CON,1,09,52.195499420166016,21.63759994506836,561,90.3,27,52.19540023803711,21.674299240112305,604,270.3
EPMO,8202,147,ASP,0,08,52.449501037597656,20.63360023498535,338,82,26,52.452701568603516,20.670000076293945,341,262
EPMR,1870,164,grass,0,09L,,,,93,27R,,,,273
EPMR,1690,164,grass,0,09R,,,,93,27L,,,,273
EPMR,2772,164,grass,0,17,,,,175,35,,,,355
EPMY,3018,75,grass,1,15,52.945,15.0266667,229,153,33,52.9375,15.033055,230,333
EPNL,2625,,UNK,0,04,,,833,,22,,,833,
EPNT,5512,262,UNK,0,12,49.466225,20.042389,2060,,30,49.458218,20.062048,2060,
EPOD,2789,,ASP,0,09L,,,436,,27R,,,436,
EPOD,2789,,GRS,0,09R,,,436,,27L,,,436,
EPOK,1890,100,ASP,0,08,54.58720016479492,18.521400451660156,,87,26,54.587501525878906,18.53030014038086,,267
EPOK,8190,195,CON,1,13,54.587799072265625,18.503799438476562,141,136,31,54.57160186767578,18.53059959411621,141,316
EPPI,7876,195,PEM,1,03,53.16059875488281,16.700300216674805,,35.2,21,53.178199768066406,16.72100067138672,,215.2
EPPK,2460,328,grass,1,07,,,,68,25,,,,248
EPPO,8215,164,ASP,1,10,52.4249,16.806101,309,108,28,52.418201,16.841,289,288
EPPR,3825,148,ASP,0,09,54.248566,18.665701,13,,27,54.246834,18.683311,13,
EPPT,3117,59,CON,0,03,,,,,21,,,,
EPPW,8940,98,CON,1,10L,52.38600158691406,17.828500747680664,367,107,28R,52.37860107421875,17.86669921875,384,287
EPPW,11565,197,CON,1,10R,52.3838005065918,17.82740020751953,363,107,28L,52.3744010925293,17.876800537109375,381,287
EPRA,8202,148,ASP,1,07,51.386509,21.197723,622,75,25,51.392307,21.232445,602,255
EPRJ,2447,164,GRS,0,08L,,,,,26R,,,,
EPRJ,2953,98,ASPH,1,08R,50.104198,,650,89,26L,50.104198,22.053301,643,269
EPRS,,,G,0,36,,,,,18,,,,
EPRU,6562,197,CON,0,08,50.88359832763672,19.189199447631836,,82.9,26,50.885799407958984,19.217300415039062,,262.9
EPRZ,2448,164,GRASS,0,08L,,,,,26R,,,,
EPRZ,2953,99,CONC/ASPH,0,08R,,,,,26L,,,,
EPRZ,10498,147,CON,1,09,50.110198974609375,22.00149917602539,688,91,27,50.10960006713867,22.046300888061523,679,271
EPRZ,6840,328,GRS Emergency Strip,0,09ES,50.104400634765625,22.042600631713867,,81,27ES,50.10559844970703,22.054000854492188,,261
EPSC,8202,197,ASP,1,13,53.592098236083984,14.887900352478027,118,131,31,53.57740020751953,14.916500091552734,154,311
EPSD,3280,164,Grass,0,09,53.391026,14.624511,3,94,27L,53.390387,14.640249,3,274
EPSD,,,UNK,0,09L,,,3,,27R,,,3,
EPSN,8200,190,CON,1,11,53.794700622558594,15.808600425720215,384,111.1,29,53.786598205566406,15.843899726867676,381,291.1
EPST,3051,,Grass,0,12,,,486,126,30,,,492,306
EPSU,4328,98,ASP,0,08,,,,,26,,,,
EPSW,8268,148,asphalt,1,07,,,632,72,25,,,629,252
EPSY,8202,147,CON,1,01,53.47119903564453,20.931699752807617,438,19,19,53.48830032348633,20.941299438476562,462,199
EPTM,6560,197,ASP,0,11,51.588402,20.0844,,116,29,51.5807,20.1105,,296
EPTO,4163,187,CON,0,10,53.03049850463867,18.537799835205078,164,104,28,53.027801513671875,18.554800033569336,164,284
EPTO,2791,328,GRS,0,10L,53.030799865722656,18.54439926147461,,105,28R,53.028900146484375,18.556699752807617,,285
EPVA,4445,66,grass,0,13,,,,,31,,,,
EPWA,9186,164,ASPH,1,11,52.171501,20.946699,362,115,29,52.160999,20.9839,347,295
EPWA,12106,196,ASPH,1,15,52.1786,20.9559,353,152,33,52.149399,20.9814,355,332
EPWK,3281,,UNK,0,08,,,217,,26,,,214,
EPWR,8212,147,CONC-ASPH,1,11,51.108799,16.865801,405,116,29,51.098999,16.898001,401,296
EPWS,2526,,Grass,0,14,,,404,,32,,,377,
EPZA,2625,,UNK,0,12R,,,751,,30L,,,751,
EPZB,,,,0,10,,,,,28,,,,
EPZG,8202,197,CON,1,06,52.13370132446289,15.781999588012695,194,65,24,52.1432991027832,15.815099716186523,187,245
EPZI,1673,82,Grass,0,12,,,,,30,,,,
EPZP,2887,,UNK,0,06,,,243,,24,,,243,
